{"accuracy": [0.5868178606033325, 0.7532874345779419, 0.8395602703094482, 0.889259934425354, 0.9246735572814941, 0.944247305393219, 0.9586029648780823, 0.9662793874740601, 0.9691319465637207, 0.9764837026596069], "loss": [0.9665543437004089, 0.6235191226005554, 0.4280704855918884, 0.2982208728790283, 0.2096817046403885, 0.15717652440071106, 0.11538258194923401, 0.09584279358386993, 0.08834190666675568, 0.06798559427261353], "val_accuracy": [0.6712994575500488, 0.7876836061477661, 0.8532203435897827, 0.8934463262557983, 0.9049717783927917, 0.8976271152496338, 0.8710734248161316, 0.92079097032547, 0.9397740364074707, 0.9290395379066467], "val_loss": [0.8345815539360046, 0.5694500803947449, 0.3892695903778076, 0.30634674429893494, 0.2730059325695038, 0.3247309625148773, 0.37161338329315186, 0.258127361536026, 0.21214692294597626, 0.244871586561203]}