{"accuracy": [0.5728564858436584, 0.7297247052192688, 0.8339942693710327, 0.8915095329284668, 0.9251142144203186, 0.9442704916000366, 0.9548459053039551, 0.9636355042457581, 0.9706162214279175, 0.9766924381256104], "loss": [0.9905369281768799, 0.6591514348983765, 0.43318572640419006, 0.29116159677505493, 0.21061259508132935, 0.15798087418079376, 0.12897701561450958, 0.10466376692056656, 0.0818864107131958, 0.06914129853248596], "val_accuracy": [0.6481356024742126, 0.7942373156547546, 0.8256497383117676, 0.902824878692627, 0.8969491720199585, 0.9220339059829712, 0.9307344555854797, 0.92079097032547, 0.9228248596191406, 0.9424858689308167], "val_loss": [0.8132645487785339, 0.5390208959579468, 0.44118452072143555, 0.27362674474716187, 0.29312774538993835, 0.22999167442321777, 0.2244282215833664, 0.24765785038471222, 0.22377295792102814, 0.20898288488388062]}